ssyr ,yrc,year,ss
13,1950.125,1950,1
14,1950.375,1950,2
15,1950.625,1950,3
16,1950.875,1950,4
17,1951.125,1951,1
18,1951.375,1951,2
19,1951.625,1951,3
20,1951.875,1951,4
21,1952.125,1952,1
22,1952.375,1952,2
23,1952.625,1952,3
24,1952.875,1952,4
25,1953.125,1953,1
26,1953.375,1953,2
27,1953.625,1953,3
28,1953.875,1953,4
29,1954.125,1954,1
30,1954.375,1954,2
31,1954.625,1954,3
32,1954.875,1954,4
33,1955.125,1955,1
34,1955.375,1955,2
35,1955.625,1955,3
36,1955.875,1955,4
37,1956.125,1956,1
38,1956.375,1956,2
39,1956.625,1956,3
40,1956.875,1956,4
41,1957.125,1957,1
42,1957.375,1957,2
43,1957.625,1957,3
44,1957.875,1957,4
45,1958.125,1958,1
46,1958.375,1958,2
47,1958.625,1958,3
48,1958.875,1958,4
49,1959.125,1959,1
50,1959.375,1959,2
51,1959.625,1959,3
52,1959.875,1959,4
53,1960.125,1960,1
54,1960.375,1960,2
55,1960.625,1960,3
56,1960.875,1960,4
57,1961.125,1961,1
58,1961.375,1961,2
59,1961.625,1961,3
60,1961.875,1961,4
61,1962.125,1962,1
62,1962.375,1962,2
63,1962.625,1962,3
64,1962.875,1962,4
65,1963.125,1963,1
66,1963.375,1963,2
67,1963.625,1963,3
68,1963.875,1963,4
69,1964.125,1964,1
70,1964.375,1964,2
71,1964.625,1964,3
72,1964.875,1964,4
73,1965.125,1965,1
74,1965.375,1965,2
75,1965.625,1965,3
76,1965.875,1965,4
77,1966.125,1966,1
78,1966.375,1966,2
79,1966.625,1966,3
80,1966.875,1966,4
81,1967.125,1967,1
82,1967.375,1967,2
83,1967.625,1967,3
84,1967.875,1967,4
85,1968.125,1968,1
86,1968.375,1968,2
87,1968.625,1968,3
88,1968.875,1968,4
89,1969.125,1969,1
90,1969.375,1969,2
91,1969.625,1969,3
92,1969.875,1969,4
93,1970.125,1970,1
94,1970.375,1970,2
95,1970.625,1970,3
96,1970.875,1970,4
97,1971.125,1971,1
98,1971.375,1971,2
99,1971.625,1971,3
100,1971.875,1971,4
101,1972.125,1972,1
102,1972.375,1972,2
103,1972.625,1972,3
104,1972.875,1972,4
105,1973.125,1973,1
106,1973.375,1973,2
107,1973.625,1973,3
108,1973.875,1973,4
109,1974.125,1974,1
110,1974.375,1974,2
111,1974.625,1974,3
112,1974.875,1974,4
113,1975.125,1975,1
114,1975.375,1975,2
115,1975.625,1975,3
116,1975.875,1975,4
117,1976.125,1976,1
118,1976.375,1976,2
119,1976.625,1976,3
120,1976.875,1976,4
121,1977.125,1977,1
122,1977.375,1977,2
123,1977.625,1977,3
124,1977.875,1977,4
125,1978.125,1978,1
126,1978.375,1978,2
127,1978.625,1978,3
128,1978.875,1978,4
129,1979.125,1979,1
130,1979.375,1979,2
131,1979.625,1979,3
132,1979.875,1979,4
133,1980.125,1980,1
134,1980.375,1980,2
135,1980.625,1980,3
136,1980.875,1980,4
137,1981.125,1981,1
138,1981.375,1981,2
139,1981.625,1981,3
140,1981.875,1981,4
141,1982.125,1982,1
142,1982.375,1982,2
143,1982.625,1982,3
144,1982.875,1982,4
145,1983.125,1983,1
146,1983.375,1983,2
147,1983.625,1983,3
148,1983.875,1983,4
149,1984.125,1984,1
150,1984.375,1984,2
151,1984.625,1984,3
152,1984.875,1984,4
153,1985.125,1985,1
154,1985.375,1985,2
155,1985.625,1985,3
156,1985.875,1985,4
157,1986.125,1986,1
158,1986.375,1986,2
159,1986.625,1986,3
160,1986.875,1986,4
161,1987.125,1987,1
162,1987.375,1987,2
163,1987.625,1987,3
164,1987.875,1987,4
165,1988.125,1988,1
166,1988.375,1988,2
167,1988.625,1988,3
168,1988.875,1988,4
169,1989.125,1989,1
170,1989.375,1989,2
171,1989.625,1989,3
172,1989.875,1989,4
173,1990.125,1990,1
174,1990.375,1990,2
175,1990.625,1990,3
176,1990.875,1990,4
177,1991.125,1991,1
178,1991.375,1991,2
179,1991.625,1991,3
180,1991.875,1991,4
181,1992.125,1992,1
182,1992.375,1992,2
183,1992.625,1992,3
184,1992.875,1992,4
185,1993.125,1993,1
186,1993.375,1993,2
187,1993.625,1993,3
188,1993.875,1993,4
189,1994.125,1994,1
190,1994.375,1994,2
191,1994.625,1994,3
192,1994.875,1994,4
193,1995.125,1995,1
194,1995.375,1995,2
195,1995.625,1995,3
196,1995.875,1995,4
197,1996.125,1996,1
198,1996.375,1996,2
199,1996.625,1996,3
200,1996.875,1996,4
201,1997.125,1997,1
202,1997.375,1997,2
203,1997.625,1997,3
204,1997.875,1997,4
205,1998.125,1998,1
206,1998.375,1998,2
207,1998.625,1998,3
208,1998.875,1998,4
209,1999.125,1999,1
210,1999.375,1999,2
211,1999.625,1999,3
212,1999.875,1999,4
213,2000.125,2000,1
214,2000.375,2000,2
215,2000.625,2000,3
216,2000.875,2000,4
217,2001.125,2001,1
218,2001.375,2001,2
219,2001.625,2001,3
220,2001.875,2001,4
221,2002.125,2002,1
222,2002.375,2002,2
223,2002.625,2002,3
224,2002.875,2002,4
225,2003.125,2003,1
226,2003.375,2003,2
227,2003.625,2003,3
228,2003.875,2003,4
229,2004.125,2004,1
230,2004.375,2004,2
231,2004.625,2004,3
232,2004.875,2004,4
233,2005.125,2005,1
234,2005.375,2005,2
235,2005.625,2005,3
236,2005.875,2005,4
237,2006.125,2006,1
238,2006.375,2006,2
239,2006.625,2006,3
240,2006.875,2006,4
241,2007.125,2007,1
242,2007.375,2007,2
243,2007.625,2007,3
244,2007.875,2007,4
245,2008.125,2008,1
246,2008.375,2008,2
247,2008.625,2008,3
248,2008.875,2008,4
249,2009.125,2009,1
250,2009.375,2009,2
251,2009.625,2009,3
252,2009.875,2009,4
253,2010.125,2010,1
254,2010.375,2010,2
255,2010.625,2010,3
256,2010.875,2010,4
257,2011.125,2011,1
258,2011.375,2011,2
259,2011.625,2011,3
260,2011.875,2011,4
261,2012.125,2012,1
262,2012.375,2012,2
263,2012.625,2012,3
264,2012.875,2012,4
265,2013.125,2013,1
266,2013.375,2013,2
267,2013.625,2013,3
268,2013.875,2013,4
269,2014.125,2014,1
270,2014.375,2014,2
271,2014.625,2014,3
272,2014.875,2014,4
273,2015.125,2015,1
274,2015.375,2015,2
275,2015.625,2015,3
276,2015.875,2015,4
277,2016.125,2016,1
278,2016.375,2016,2
279,2016.625,2016,3
280,2016.875,2016,4
281,2017.125,2017,1
282,2017.375,2017,2
283,2017.625,2017,3
284,2017.875,2017,4
285,2018.125,2018,1
286,2018.375,2018,2
287,2018.625,2018,3
288,2018.875,2018,4
289,2019.125,2019,1
290,2019.375,2019,2
291,2019.625,2019,3
292,2019.875,2019,4
293,2020.125,2020,1
294,2020.375,2020,2
295,2020.625,2020,3
296,2020.875,2020,4
297,2021.125,2021,1
298,2021.375,2021,2
299,2021.625,2021,3
300,2021.875,2021,4
301,2022.125,2022,1
302,2022.375,2022,2
303,2022.625,2022,3
304,2022.875,2022,4
305,2023.125,2023,1
306,2023.375,2023,2
307,2023.625,2023,3
308,2023.875,2023,4
309,2024.125,2024,1
310,2024.375,2024,2
311,2024.625,2024,3
312,2024.875,2024,4
313,2025.125,2025,1
314,2025.375,2025,2
315,2025.625,2025,3
316,2025.875,2025,4
317,2026.125,2026,1
318,2026.375,2026,2
319,2026.625,2026,3
320,2026.875,2026,4
321,2027.125,2027,1
322,2027.375,2027,2
323,2027.625,2027,3
324,2027.875,2027,4
325,2028.125,2028,1
326,2028.375,2028,2
327,2028.625,2028,3
328,2028.875,2028,4
